index_records_per_node,num_levels,num_threads,average_time_elapsed
4092,2,1,0.622502
4092,2,2,0.349031
4092,2,3,0.241234
4092,2,4,0.186565
4092,2,5,0.153845
4092,2,6,0.194901
4092,2,7,0.202740
4092,2,8,0.205984
4092,2,9,0.205070
4092,2,10,0.203390
4092,2,11,0.202940
4092,2,12,0.206777
